id,first_name,last_name,email,gender,regestrationDate,dateOfBirth,Occupation,salary
1,Carlee,Tschierse,ctschierse0@washington.edu,Female,1/4/2020,5/27/1969,Payment Adjustment Coordinator,2851
2,Ellsworth,Dewbury,edewbury1@wordpress.org,Male,8/4/2012,6/7/1988,General Manager,7158
3,Lilas,Massy,lmassy2@theatlantic.com,Female,10/29/2001,2/12/1978,Director of Sales,1972
4,Wendall,Hebborn,whebborn3@boston.com,Male,6/24/2013,,,
5,Corabella,Endricci,cendricci4@cargocollective.com,Female,8/27/2010,2/16/2002,Geological Engineer,1604
6,Katherina,Day,kday5@comsenz.com,,11/29/2010,5/8/1994,Accounting Assistant II,10883
7,Josefa,Seary,jseary6@live.com,Female,7/9/2007,,GIS Technical Architect,9297
8,Hansiain,Ortelt,,Male,2/14/2012,12/4/1962,Quality Control Specialist,11440
9,Norbie,Bremen,nbremen8@example.com,Male,11/28/2008,12/15/1969,Compensation Analyst,5961
10,Martin,Richardson,mrichardson9@sitemeter.com,,4/10/2023,10/18/1986,Developer IV,6287
11,Junia,Scedall,jscedalla@umich.edu,Female,8/8/2016,7/30/1993,Assistant Professor,11461
12,Auberta,Beresfore,aberesforeb@earthlink.net,Female,2/3/2014,7/20/1978,Clinical Specialist,11109
13,Tildie,Itzhak,titzhakc@army.mil,Female,6/4/2009,8/5/1988,Design Engineer,7764
14,Peyter,Roark,proarkd@archive.org,Male,2/29/2024,7/9/1973,Speech Pathologist,
15,Lowrance,Venour,lvenoure@aol.com,Male,,12/18/1992,,2575
16,Kile,Hunston,khunstonf@behance.net,,,1/6/2002,Senior Editor,9708
17,Herc,Breznovic,hbreznovicg@deviantart.com,Male,12/2/2007,3/18/1962,Registered Nurse,8385
18,Gardener,Hatwell,ghatwellh@pagesperso-orange.fr,Male,5/2/2005,,Human Resources Assistant IV,10069
19,Sandro,Youd,syoudi@cornell.edu,Male,2/7/2013,5/13/1988,Community Outreach Specialist,4434
20,Artus,Coper,acoperj@reverbnation.com,Male,6/5/2006,2/14/2004,VP Accounting,2424
21,Darrell,Freake,dfreakek@t-online.de,,10/3/2014,10/14/1967,Web Developer II,8133
22,Conant,Garford,cgarfordl@xing.com,Male,,3/9/1963,Help Desk Technician,4951
23,Beckie,Gosnell,bgosnellm@prweb.com,Female,12/20/2012,2/23/2005,Financial Advisor,4373
24,Gayelord,Ottee,gotteen@jigsy.com,Male,11/3/2003,11/16/1999,Assistant Manager,4547
25,Kippie,O'Haire,kohaireo@instagram.com,,10/30/2005,1/5/1995,Help Desk Operator,10733
26,Creighton,Yesinin,cyesininp@macromedia.com,Male,7/22/2000,12/21/1988,Budget/Accounting Analyst I,6962
27,Sallyann,Fountian,sfountianq@wunderground.com,Female,6/30/2018,9/13/1989,Electrical Engineer,8991
28,Cullie,McVee,cmcveer@forbes.com,Male,7/30/2013,5/8/1985,General Manager,10650
29,Lou,Maciak,lmaciaks@cisco.com,Male,8/9/2005,3/5/2003,Media Manager II,5936
30,Nico,Bootton,nboottont@wiley.com,Polygender,7/4/2007,4/25/1975,Design Engineer,9165
31,Wendeline,Cosbey,wcosbeyu@pinterest.com,Female,4/20/2008,10/4/1993,Cost Accountant,8387
32,Roderick,Hulmes,rhulmesv@amazon.de,Male,12/11/2010,4/13/1992,Technical Writer,2495
33,Eve,Deavall,edeavallw@yandex.ru,Female,12/29/2003,8/9/1968,,10710
34,Midge,Cisland,mcislandx@posterous.com,Female,7/31/2005,12/8/1959,Marketing Manager,5677
35,Ainslie,Truran,atrurany@wufoo.com,Female,4/28/2022,11/13/1992,Marketing Manager,8143
36,Perkin,Seggie,pseggiez@nba.com,Male,3/18/2011,1/3/1990,VP Quality Control,2480
37,Wilton,Figgures,wfiggures10@archive.org,Male,5/7/2002,12/1/1971,Junior Executive,7355
38,Dov,Cummings,dcummings11@examiner.com,Male,,2/4/1988,Nurse Practicioner,7958
39,Paolina,Dimont,pdimont12@xing.com,Female,12/11/2005,6/25/1975,Clinical Specialist,11942
40,Cort,Palk,cpalk13@people.com.cn,Male,2/12/2001,10/28/1984,,1341
41,Page,Blenkensop,pblenkensop14@skype.com,Female,11/6/2007,10/10/1975,Systems Administrator IV,9137
42,Tate,Folder,tfolder15@weibo.com,Female,5/31/2015,3/4/1971,Recruiting Manager,9629
43,Berkie,Clapston,bclapston16@blogspot.com,Male,6/10/2011,1/15/1973,Junior Executive,10476
44,Iggy,Wiltshaw,iwiltshaw17@is.gd,Male,2/12/2001,7/10/1979,Teacher,
45,Beatrisa,Babbage,bbabbage18@microsoft.com,Female,3/4/2021,11/10/1998,Administrative Officer,8819
46,Laverna,Drabble,ldrabble19@github.com,Female,3/16/2004,1/18/1969,Technical Writer,9525
47,Kiel,Corriea,kcorriea1a@dropbox.com,,3/17/2025,7/9/1991,Electrical Engineer,3894
48,Kacy,Pennycuick,kpennycuick1b@ehow.com,Female,3/7/2015,7/19/1989,Design Engineer,9711
49,Ingemar,Crossland,icrossland1c@netvibes.com,Male,11/20/2007,4/26/1979,Analog Circuit Design manager,3968
50,Reese,Dyball,rdyball1d@cnn.com,Male,4/29/2019,2/11/1961,Software Consultant,11178
51,Hagan,Malt,hmalt1e@cafepress.com,Male,1/21/2022,10/17/1982,Financial Analyst,6818
52,Tomlin,Staniford,tstaniford1f@walmart.com,Male,3/5/2015,2/24/1979,Administrative Officer,10127
53,Cherise,Jimmison,cjimmison1g@shinystat.com,Female,9/13/2020,8/4/1998,Research Associate,1092
54,Weylin,Blunt,wblunt1h@nih.gov,Male,3/13/2019,3/26/1966,Speech Pathologist,11804
55,Persis,Newey,pnewey1i@vimeo.com,Female,10/11/2006,9/4/1982,,10223
56,Fidelity,Soltan,fsoltan1j@friendfeed.com,Non-binary,8/15/2023,10/28/1963,Business Systems Development Analyst,7678
57,Juan,Baert,jbaert1k@paginegialle.it,Male,12/22/2007,8/15/2000,Assistant Manager,10113
58,Lorrie,Stuttard,lstuttard1l@simplemachines.org,Male,7/18/2018,3/10/1968,General Manager,4388
59,Prescott,Twelftree,ptwelftree1m@scribd.com,Male,10/26/2003,9/21/1972,Associate Professor,10571
60,Timofei,Benito,tbenito1n@upenn.edu,Male,7/2/2007,11/18/1964,Automation Specialist IV,5672
61,Cristina,Bowie,cbowie1o@free.fr,Female,7/27/2011,11/11/1971,Senior Quality Engineer,9668
62,Arvie,Longrigg,alongrigg1p@ocn.ne.jp,Male,,8/31/1993,VP Sales,8624
63,Baron,Loft,bloft1q@bigcartel.com,Male,1/17/2017,12/7/1988,Nurse,10417
64,Lorelle,Dauber,ldauber1r@msu.edu,Female,2/24/2012,5/15/1964,Human Resources Manager,5146
65,Christalle,Matton,cmatton1s@google.com.br,Female,1/26/2009,10/11/1979,Director of Sales,4543
66,Homer,Buckham,hbuckham1t@opensource.org,Male,8/7/2012,11/1/1975,Marketing Manager,8486
67,Tabby,Guichard,tguichard1u@slate.com,Male,5/17/2008,6/8/1977,Account Executive,10227
68,Kaleb,Grenkov,kgrenkov1v@netlog.com,Male,5/28/2007,9/14/1986,Programmer I,7488
69,Rustin,Karpman,,Male,,3/18/1965,Sales Representative,7131
70,Thalia,Huddle,thuddle1x@dagondesign.com,Female,5/20/2023,10/31/1972,Human Resources Manager,
