id,first_name,last_name,email,gender,Regestration Date,Salary
1,Bernice,Malpas,bmalpas0@nymag.com,Non-binary,2/1/1992,24897
2,Webster,Espinheira,wespinheira1@github.com,Male,12/12/2004,70257
3,Tamqrah,Manzell,tmanzell2@alibaba.com,Female,10/6/1998,5278
4,Ewart,Santry,esantry3@va.gov,Male,3/31/2022,63243
5,Zelma,Haborn,zhaborn4@infoseek.co.jp,Female,8/2/1998,39896
6,Gilberta,McSweeney,gmcsweeney5@myspace.com,Genderqueer,6/16/2015,34478
7,Manolo,McMillian,mmcmillian6@miibeian.gov.cn,Male,3/19/1992,33361
8,Laney,Sedgemond,lsedgemond7@moonfruit.com,Female,3/20/2009,96501
9,Tedie,Lilford,tlilford8@discuz.net,Male,3/29/2009,77838
10,Adaline,Ivanilov,aivanilov9@wikia.com,Female,11/20/2014,15223
11,Sergeant,Espinet,sespineta@yellowpages.com,Male,2/4/2019,97062
12,Sarena,McMarquis,smcmarquisb@wired.com,Female,11/29/2023,6701
13,Tedi,Rojas,trojasc@geocities.com,Female,9/18/2008,47690
14,Lucian,Tomala,ltomalad@imdb.com,Male,7/11/1996,58337
15,Matias,Rizzetti,mrizzettie@wunderground.com,Male,6/6/2016,81756
16,Roana,Grist,rgristf@icio.us,Female,9/22/2006,63717
17,Clarke,Dumingos,cdumingosg@biglobe.ne.jp,Male,11/30/2013,21033
18,Berenice,Tighe,btigheh@earthlink.net,Female,9/13/2015,81758
19,Boycey,Adran,badrani@gmpg.org,Agender,12/2/2024,37886
20,Yehudi,Hadkins,yhadkinsj@java.com,Male,12/8/1998,48619
21,Edd,Duffus,eduffusk@rambler.ru,Male,11/13/1994,7398
22,Reinhold,Ivetts,rivettsl@merriam-webster.com,Male,11/21/2015,4246
23,Addia,Seacombe,aseacombem@who.int,Female,3/26/2005,32236
24,Lydon,Grima,lgriman@ted.com,Male,10/27/1995,59924
25,Nevile,Aleksankov,naleksankovo@liveinternet.ru,Male,2/27/1993,52316
26,Aviva,Mottinelli,amottinellip@wisc.edu,Female,12/5/1990,29943
27,Melli,McAughtrie,mmcaughtrieq@yelp.com,Female,12/8/1993,75819
28,Ned,Golby,ngolbyr@samsung.com,Male,7/25/1990,30675
29,Bessie,Sherbourne,bsherbournes@about.com,Female,8/3/2012,30039
30,Ceil,Emptage,cemptaget@sciencedaily.com,Female,2/19/2020,49181
31,Bram,Trewhella,btrewhellau@rediff.com,Bigender,2/2/2025,98426
32,Ruthie,Boncoeur,rboncoeurv@un.org,Female,4/23/1992,49006
33,Daisie,Augustin,daugustinw@businesswire.com,Female,7/1/2011,95040
34,Margarete,Panketh,mpankethx@opensource.org,Female,8/6/2016,93156
35,Oswell,Petruk,opetruky@globo.com,Male,9/25/2015,84519
36,Frank,Spoward,fspowardz@samsung.com,Male,9/17/1998,89238
37,Red,Bergstrand,rbergstrand10@sphinn.com,Male,12/30/2007,69531
38,Nathan,McParlin,nmcparlin11@linkedin.com,Male,8/19/2018,4859
39,Coleen,Gosford,cgosford12@europa.eu,Female,8/7/1996,90616
40,Kleon,Offen,koffen13@netscape.com,Male,11/20/2013,79042
41,Adolphe,de Keyser,adekeyser14@istockphoto.com,Male,3/12/1998,34512
42,Van,Fairbairn,vfairbairn15@odnoklassniki.ru,Male,3/13/2019,45067
43,Kristoffer,Riccardo,kriccardo16@house.gov,Male,10/7/1993,57890
44,Fred,Scouller,fscouller17@businessweek.com,Male,10/16/2003,94285
45,Sebastiano,Guiraud,sguiraud18@weather.com,Agender,6/6/2009,84257
46,Petunia,Elcoate,pelcoate19@chron.com,Female,9/25/2023,16477
47,Woodrow,Angerstein,wangerstein1a@blogtalkradio.com,Male,8/5/2013,17207
48,Carin,Folbig,cfolbig1b@noaa.gov,Female,9/17/2016,64326
49,Talia,Stickells,tstickells1c@discuz.net,Female,11/23/2008,55635
50,Glyn,Folbige,gfolbige1d@posterous.com,Male,5/3/2019,41473
51,Etan,Kivell,ekivell1e@i2i.jp,Genderqueer,11/25/2023,16470
52,Reamonn,Heenan,rheenan1f@wp.com,Male,7/20/2007,39755
53,Abran,Twallin,atwallin1g@weibo.com,Bigender,5/30/1999,87097
54,Emilie,Claire,eclaire1h@aol.com,Female,10/17/2017,44058
55,Nomi,Godthaab,ngodthaab1i@nba.com,Female,6/19/2001,30153
56,Cole,Tolmie,ctolmie1j@utexas.edu,Male,1/25/2001,86939
57,Adda,Nerheny,anerheny1k@un.org,Female,4/30/2003,38426
58,Regen,Teas,rteas1l@icq.com,Male,9/15/1998,89964
59,Lexie,Lockyear,llockyear1m@tuttocitta.it,Female,6/27/2007,32386
60,Thibaud,Huyghe,thuyghe1n@businesswire.com,Male,12/6/2008,12330
61,Quintana,Marl,qmarl1o@ucoz.ru,Female,6/6/2004,99459
62,Adore,Braine,abraine1p@live.com,Female,12/17/1998,43604
63,Gilbert,Terbrug,gterbrug1q@pinterest.com,Male,2/14/2001,39841
64,Cortie,Hurnell,churnell1r@gizmodo.com,Male,4/24/1997,31117
65,Shermie,Collinwood,scollinwood1s@diigo.com,Male,11/9/1996,86533
66,Aldin,Phillipson,aphillipson1t@bbc.co.uk,Male,12/25/1995,44517
67,Pepillo,Enden,penden1u@imdb.com,Male,9/17/2011,34150
68,Gage,Gambles,ggambles1v@php.net,Male,1/1/2010,74989
69,Marnie,Adran,madran1w@baidu.com,Female,7/24/2009,79871
70,Karee,Bulward,kbulward1x@vkontakte.ru,Female,3/22/1998,16762
71,Alie,Costerd,acosterd1y@barnesandnoble.com,Female,10/11/2002,52727
72,Terese,Boutellier,tboutellier1z@howstuffworks.com,Female,9/12/2000,66517
73,Lauralee,Rawling,lrawling20@imgur.com,Female,2/15/2007,51627
74,Mira,Gewer,mgewer21@istockphoto.com,Female,5/1/2009,87585
75,Caryl,Bugbee,cbugbee22@xrea.com,Male,6/13/2011,76041
76,Letisha,Klaffs,lklaffs23@amazonaws.com,Female,5/3/2009,74822
77,Lina,Alliband,lalliband24@bravesites.com,Female,2/26/2008,18005
78,Kara,Portch,kportch25@techcrunch.com,Female,12/12/2009,83093
79,Verla,Brassington,vbrassington26@ucoz.ru,Female,12/3/2016,98422
80,Iggy,McPhelimey,imcphelimey27@noaa.gov,Male,4/10/2012,21451
81,Misti,Cully,mcully28@multiply.com,Female,7/21/2015,20223
82,Phylys,Parry,pparry29@apple.com,Female,5/2/1994,48169
83,Chan,Baignard,cbaignard2a@about.me,Male,8/1/1993,88171
84,Sadie,Bridywater,sbridywater2b@ucoz.ru,Female,11/26/2023,97036
85,Mohammed,Ratter,mratter2c@histats.com,Male,12/20/2014,56743
86,Glenn,Fessions,gfessions2d@army.mil,Male,7/28/2024,86817
87,Jay,Watkins,jwatkins2e@digg.com,Male,4/25/2019,49668
88,Broddy,Van der Kruis,bvanderkruis2f@china.com.cn,Male,11/14/2001,29491
89,Austen,Ortelt,aortelt2g@over-blog.com,Male,6/1/2009,67298
90,Niven,Lamb,nlamb2h@mashable.com,Male,10/22/2022,61273
91,Verena,Sloss,vsloss2i@redcross.org,Female,12/18/2016,9076
92,Demetris,Babbs,dbabbs2j@oaic.gov.au,Male,8/6/1998,57078
93,Cati,Hooban,chooban2k@unblog.fr,Female,9/14/2002,20279
94,Timofei,Bouchard,tbouchard2l@google.ca,Male,7/21/2003,40860
95,Kerr,Lewty,klewty2m@networkadvertising.org,Male,11/11/2008,74929
96,Bellanca,McGaugey,bmcgaugey2n@pagesperso-orange.fr,Female,2/18/2025,99695
97,Hammad,Lortz,hlortz2o@ocn.ne.jp,Genderfluid,12/25/2024,88295
98,Stella,Bownd,sbownd2p@ezinearticles.com,Bigender,9/13/1991,56937
99,Westbrooke,Carnie,wcarnie2q@cocolog-nifty.com,Male,5/23/2020,58060
100,Wheeler,Crouch,wcrouch2r@umich.edu,Male,7/10/1997,59016
101,Manolo,Skyrm,mskyrm2s@marketwatch.com,Male,12/20/2008,35117
102,Burton,Canelas,bcanelas2t@wp.com,Male,7/6/2003,60367
103,Chery,Scrivenor,cscrivenor2u@newsvine.com,Female,11/15/1990,27089
104,Alika,Redwall,aredwall2v@washington.edu,Female,8/24/2002,43385
105,Amberly,Hurdedge,ahurdedge2w@cnet.com,Female,11/30/1997,23132
106,Sheilah,Ramshay,sramshay2x@cmu.edu,Female,3/14/2008,10442
107,Cate,Heis,cheis2y@sbwire.com,Female,2/1/2012,10134
108,Ade,Velti,avelti2z@netvibes.com,Male,10/29/2005,79188
109,Harriett,Sleit,hsleit30@etsy.com,Female,7/17/2019,35969
110,Theodor,Squire,tsquire31@dropbox.com,Male,10/5/2006,58632
111,Grace,Menicomb,gmenicomb32@berkeley.edu,Male,10/4/2010,62088
112,Winny,Braybrook,wbraybrook33@people.com.cn,Male,10/28/2015,38521
113,Vail,Ewdale,vewdale34@networksolutions.com,Male,12/21/2021,59060
114,Noemi,Mcall,nmcall35@sogou.com,Female,4/6/1994,89764
115,Janelle,Kayzer,jkayzer36@bing.com,Female,8/8/2022,12922
116,Chloris,Hawtry,chawtry37@pen.io,Female,4/25/2018,19921
117,Sheelah,Gavrielly,sgavrielly38@marriott.com,Female,9/19/1993,61981
118,Ethelin,Milroy,emilroy39@ft.com,Female,8/3/1992,82586
119,Johann,Wood,jwood3a@networkadvertising.org,Male,12/21/2002,70544
120,Dylan,Matousek,dmatousek3b@google.es,Polygender,12/25/2019,79255
121,Pen,Witten,pwitten3c@biglobe.ne.jp,Male,1/25/2012,81198
122,Odo,Wyvill,owyvill3d@google.cn,Male,5/25/2003,47330
123,Parrnell,Dolle,pdolle3e@go.com,Male,1/14/2004,63485
124,Rochelle,McDoual,rmcdoual3f@ovh.net,Female,12/4/2009,45089
125,Rodolfo,Coote,rcoote3g@issuu.com,Male,8/16/2017,13632
126,Elle,Vitte,evitte3h@geocities.jp,Female,7/13/2013,54954
127,Roderick,Swallow,rswallow3i@plala.or.jp,Male,4/9/2003,80753
128,Marius,O'Hannen,mohannen3j@google.cn,Male,8/14/1996,17006
129,Florance,Trathan,ftrathan3k@so-net.ne.jp,Female,2/1/2013,73157
130,Aubree,Starbuck,astarbuck3l@vk.com,Female,2/13/1997,33319
131,Othella,Schreiner,oschreiner3m@cdbaby.com,Female,9/10/2000,45585
132,Leland,Jon,ljon3n@blogtalkradio.com,Female,12/11/2021,80128
133,Carmelle,Wainwright,cwainwright3o@go.com,Female,12/6/1994,96970
134,Nicolea,Tomaschke,ntomaschke3p@google.nl,Genderfluid,5/17/2003,82221
135,Dot,Ashling,dashling3q@census.gov,Female,11/1/2015,14620
136,Oates,Cellier,ocellier3r@google.co.jp,Male,5/12/2025,42441
137,Keely,Culter,kculter3s@china.com.cn,Female,4/19/2018,31974
138,Codee,Skirvin,cskirvin3t@imageshack.us,Female,1/6/2021,78215
139,Kahlil,Werendell,kwerendell3u@ca.gov,Male,4/11/2013,16177
140,Rodd,Rampley,rrampley3v@abc.net.au,Male,7/20/2004,96682
141,Anne,Drillingcourt,adrillingcourt3w@so-net.ne.jp,Female,10/15/2001,51147
142,Carlina,Asmus,casmus3x@blogtalkradio.com,Female,11/13/2012,96925
143,Buiron,Pullar,bpullar3y@slideshare.net,Male,11/21/2021,76552
144,Kati,Westney,kwestney3z@theguardian.com,Female,9/30/1996,9845
145,Shoshana,Korting,skorting40@1und1.de,Female,3/22/2016,87772
146,Dasya,Coskerry,dcoskerry41@wired.com,Female,4/30/2002,15744
147,Giacobo,Kinchington,gkinchington42@disqus.com,Male,1/30/2017,39732
148,Lew,Chinery,lchinery43@tiny.cc,Male,4/5/2023,45392
149,Dave,Laible,dlaible44@ocn.ne.jp,Male,8/19/1991,38516
150,Lindie,Cantera,lcantera45@wikia.com,Female,3/23/2021,85220
151,Frederich,Luffman,fluffman46@cdbaby.com,Male,3/27/2000,22988
152,Jewel,Guyon,jguyon47@php.net,Female,6/3/2016,21036
153,Rosalinde,Rhymes,rrhymes48@arizona.edu,Female,7/16/1996,73024
154,Rodd,Houseago,rhouseago49@cam.ac.uk,Male,9/22/1998,92334
155,Neila,Conaghan,nconaghan4a@phoca.cz,Bigender,4/7/2014,18271
156,Brewster,Mateu,bmateu4b@amazon.de,Male,10/12/2019,72809
157,Elvina,Lyptratt,elyptratt4c@chron.com,Female,10/14/1991,75701
158,Patricio,Iaduccelli,piaduccelli4d@amazon.co.uk,Genderqueer,4/28/2016,37933
159,Ronna,Lowdyane,rlowdyane4e@nasa.gov,Female,4/15/2003,13178
160,Yolanda,Van Niekerk,yvanniekerk4f@wikia.com,Female,7/25/2019,44535
161,Hercule,Van der Beken,hvanderbeken4g@storify.com,Male,12/10/2016,48847
162,Gamaliel,Benninger,gbenninger4h@bloomberg.com,Male,1/27/2000,10389
163,Dani,Shottin,dshottin4i@dell.com,Male,4/17/2024,55569
164,Radcliffe,Pyrton,rpyrton4j@jimdo.com,Male,11/10/2017,53248
165,Aurlie,Cinavas,acinavas4k@prlog.org,Female,1/25/2016,49542
166,Walton,Killshaw,wkillshaw4l@moonfruit.com,Non-binary,5/10/2013,27147
167,Lazare,Schubart,lschubart4m@marriott.com,Male,10/14/2013,44598
168,Lexine,Essery,lessery4n@ezinearticles.com,Female,1/16/2006,46510
169,Blisse,Blois,bblois4o@sourceforge.net,Female,10/10/2002,37995
170,Franny,McIlreavy,fmcilreavy4p@businessinsider.com,Female,2/5/2015,7421
171,Darcy,Henrot,dhenrot4q@mac.com,Male,9/17/2004,38356
172,Adham,Darby,adarby4r@home.pl,Male,1/18/2024,88530
173,Berkie,Coopper,bcoopper4s@cnn.com,Male,8/10/2021,27456
174,Cullie,Tolfrey,ctolfrey4t@umich.edu,Male,1/1/2008,20979
175,Kenton,Elsley,kelsley4u@altervista.org,Male,2/8/2018,48905
176,Carlye,MacFarlane,cmacfarlane4v@wsj.com,Female,12/16/2004,11612
177,Evangelin,McKeowon,emckeowon4w@dailymail.co.uk,Female,5/20/2011,53219
178,Lilia,Shields,lshields4x@ehow.com,Female,1/18/2011,78186
179,Ode,Heeks,oheeks4y@kickstarter.com,Male,6/22/2016,97638
180,Orlan,Goymer,ogoymer4z@hostgator.com,Genderqueer,5/21/2003,13949
181,Kerwinn,Burkert,kburkert50@twitpic.com,Male,5/16/2005,65048
182,Basil,Howat,bhowat51@jigsy.com,Male,7/31/2024,23611
183,Liesa,Durtnal,ldurtnal52@altervista.org,Female,11/7/2019,78297
184,Marcelle,Fearney,mfearney53@berkeley.edu,Female,5/12/2003,23997
185,Jody,Felten,jfelten54@photobucket.com,Female,7/22/2018,69526
186,Georgianne,Stanyon,gstanyon55@webnode.com,Female,2/6/2009,19811
187,Carena,Scroxton,cscroxton56@blogspot.com,Female,8/4/2010,75607
188,Elsi,Killingbeck,ekillingbeck57@imdb.com,Female,12/6/2017,72306
189,Claiborn,Dinsey,cdinsey58@squidoo.com,Male,5/3/2003,94015
190,Jonah,Kilkenny,jkilkenny59@smugmug.com,Male,1/6/2010,58630
191,Sascha,Goodere,sgoodere5a@netscape.com,Male,10/20/2013,94610
192,Hurlee,Giacobo,hgiacobo5b@senate.gov,Male,4/7/2008,70562
193,Germayne,Swepstone,gswepstone5c@techcrunch.com,Genderfluid,8/27/1990,50621
194,Benoit,Creak,bcreak5d@ebay.co.uk,Male,5/24/1998,50461
195,Benedetto,Samsonsen,bsamsonsen5e@tmall.com,Male,7/6/1995,70406
196,Court,Abeau,cabeau5f@zimbio.com,Male,4/26/2018,54809
197,Arlina,Verty,averty5g@nationalgeographic.com,Female,10/23/1991,36556
198,Leora,Izod,lizod5h@dedecms.com,Female,12/25/1995,17527
199,Elvis,Chitter,echitter5i@cbc.ca,Male,6/28/1991,70154
200,Angele,MacKnight,amacknight5j@geocities.jp,Female,5/15/1994,73436
201,Devin,Leguey,dleguey5k@free.fr,Female,3/28/1992,83188
202,Yoko,Winsley,ywinsley5l@pagesperso-orange.fr,Female,8/27/2009,83335
203,Brett,Leban,bleban5m@eepurl.com,Female,4/24/2010,58445
204,Ignacius,Laminman,ilaminman5n@xing.com,Male,10/22/2018,11257
205,Carmelle,Futcher,cfutcher5o@blogtalkradio.com,Female,5/29/2019,63811
206,Antone,Tungate,atungate5p@princeton.edu,Male,8/19/2002,51961
207,Buckie,MacAllaster,bmacallaster5q@qq.com,Male,2/21/2003,96567
208,Bran,Haw,bhaw5r@studiopress.com,Male,9/24/2021,72147
209,Maudie,Stegel,mstegel5s@wunderground.com,Female,8/6/2020,22460
210,Inglebert,Alfonzo,ialfonzo5t@slideshare.net,Male,5/5/2000,15658
211,Justen,Audley,jaudley5u@godaddy.com,Male,3/18/2009,6383
212,Meggy,Geal,mgeal5v@sciencedaily.com,Female,5/11/2008,52575
213,Ingram,Corby,icorby5w@digg.com,Male,9/24/2018,58236
214,Horatia,Crowcher,hcrowcher5x@gravatar.com,Genderfluid,9/27/2014,95243
215,Stefania,Hubbard,shubbard5y@github.io,Female,8/5/2007,64150
216,Domeniga,Jagoe,djagoe5z@bizjournals.com,Female,2/13/2010,88732
217,Vernon,MacCoughen,vmaccoughen60@themeforest.net,Male,2/11/2016,98805
218,Bourke,Jerrans,bjerrans61@spiegel.de,Male,3/29/2013,29288
219,Erwin,Beloe,ebeloe62@bravesites.com,Male,10/20/1995,88231
220,Masha,Fairy,mfairy63@amazon.com,Female,12/22/2024,85094
221,Bentley,Baylie,bbaylie64@cpanel.net,Male,12/25/2001,31729
222,Shell,Danilowicz,sdanilowicz65@weebly.com,Male,4/23/2019,60699
223,Devinne,Piet,dpiet66@admin.ch,Female,5/24/2021,87227
224,Jamil,Laurisch,jlaurisch67@umich.edu,Male,8/14/2015,15927
225,Joby,Tampion,jtampion68@umich.edu,Female,8/10/2009,36264
226,Marjie,Sebert,msebert69@domainmarket.com,Female,9/9/1994,44407
227,Claudia,Elles,celles6a@naver.com,Female,6/10/1993,15329
228,Laurence,Hosby,lhosby6b@photobucket.com,Male,4/29/1993,23899
229,Claybourne,Theml,ctheml6c@zdnet.com,Male,9/24/1998,40883
230,Jerald,Denisovo,jdenisovo6d@comsenz.com,Polygender,12/22/2015,26305
231,Donnell,Middle,dmiddle6e@gmpg.org,Male,10/18/2003,78368
232,Batsheva,Hamlin,bhamlin6f@comsenz.com,Female,5/6/2003,45142
233,Emilie,Wakely,ewakely6g@ow.ly,Female,6/21/2023,96042
234,Gill,McGinney,gmcginney6h@mit.edu,Female,5/26/1996,65098
235,Ilysa,Castelain,icastelain6i@census.gov,Female,11/25/2011,93536
236,Paquito,Menloe,pmenloe6j@about.me,Male,12/1/2009,44331
237,Dorthy,Kinkade,dkinkade6k@4shared.com,Female,2/5/2010,53176
238,Thorn,Wozencroft,twozencroft6l@chronoengine.com,Male,5/7/2001,87054
239,Kaleb,Myhan,kmyhan6m@digg.com,Male,6/10/1999,80138
240,Alexis,Biagi,abiagi6n@angelfire.com,Non-binary,5/7/2022,6399
241,Kelci,Chaffin,kchaffin6o@msu.edu,Female,11/22/2002,9978
242,Madelena,Shaxby,mshaxby6p@spiegel.de,Non-binary,7/21/2008,50624
243,Cyndy,Zarfat,czarfat6q@spiegel.de,Female,2/1/1998,87634
244,Wallas,Ingrem,wingrem6r@delicious.com,Male,10/3/2013,17389
245,Stacie,Benthall,sbenthall6s@japanpost.jp,Female,8/1/1997,13619
246,Anatol,Brainsby,abrainsby6t@nsw.gov.au,Polygender,9/12/1998,70603
247,Evangeline,Lakeman,elakeman6u@hao123.com,Female,2/13/2024,38617
248,Seana,Watkiss,swatkiss6v@canalblog.com,Female,12/16/2001,8332
249,Nickolai,Bellie,nbellie6w@edublogs.org,Male,6/19/2011,82960
250,Pierre,Oswell,poswell6x@livejournal.com,Male,10/28/2006,68654
251,Ortensia,Heckner,oheckner6y@jimdo.com,Female,4/6/1992,60799
252,Josephina,Dockrell,jdockrell6z@aboutads.info,Female,11/6/2000,28621
253,Tibold,Ducarel,tducarel70@ehow.com,Genderfluid,10/23/2010,57351
254,Mignon,Testo,mtesto71@cyberchimps.com,Bigender,3/25/2006,97604
255,Julius,Thunnercliff,jthunnercliff72@opensource.org,Male,9/30/1996,17550
256,Tiertza,Spiers,tspiers73@instagram.com,Female,10/6/1991,35261
257,Teodoro,Partener,tpartener74@list-manage.com,Male,4/27/2024,59222
258,Nanete,Willmont,nwillmont75@diigo.com,Female,4/3/2023,13597
259,Reinaldo,Currao,rcurrao76@reuters.com,Male,8/9/2001,52951
260,Janela,Gavini,jgavini77@gravatar.com,Female,3/8/2021,23201
261,Ruthy,Ocheltree,rocheltree78@constantcontact.com,Female,1/1/2008,56253
262,Marketa,Pearne,mpearne79@wikispaces.com,Female,5/11/2006,16071
263,Denney,Doberer,ddoberer7a@jimdo.com,Polygender,4/12/2016,66918
264,Dukey,Seaborne,dseaborne7b@ezinearticles.com,Male,2/27/2013,75093
265,Kennie,Maruska,kmaruska7c@independent.co.uk,Male,3/28/2012,36425
266,Dilly,Marney,dmarney7d@java.com,Male,2/28/2012,91687
267,Mitchell,Ludgrove,mludgrove7e@sourceforge.net,Male,8/7/1990,66988
268,George,Worral,gworral7f@cyberchimps.com,Female,2/12/2001,18206
269,Vyky,Barrick,vbarrick7g@wufoo.com,Female,2/10/2025,28903
270,Paco,Fechnie,pfechnie7h@archive.org,Male,7/30/1991,20029
271,Robbyn,Brixey,rbrixey7i@yellowpages.com,Polygender,3/27/2001,19643
272,Jamima,Casacchia,jcasacchia7j@yahoo.co.jp,Female,6/22/2000,95497
273,Loni,Gooms,lgooms7k@sourceforge.net,Female,6/27/1995,70644
274,Joannes,Moodycliffe,jmoodycliffe7l@cloudflare.com,Female,4/16/2011,64840
275,Dael,Boffey,dboffey7m@craigslist.org,Female,4/22/2006,12563
276,Shelbi,Revie,srevie7n@usnews.com,Non-binary,1/24/2006,23127
277,Ronnie,Attoe,rattoe7o@yandex.ru,Male,3/28/1993,8157
278,Jarret,Endrighi,jendrighi7p@alexa.com,Male,11/10/2014,88300
279,Morgen,Bails,mbails7q@free.fr,Female,6/22/2024,98888
280,Colman,Towersey,ctowersey7r@nymag.com,Genderqueer,1/19/2023,54201
281,Ferguson,Peotz,fpeotz7s@bloglovin.com,Male,5/3/1994,10182
282,Doralynne,Cuffley,dcuffley7t@hatena.ne.jp,Female,12/14/2016,11439
283,Bethanne,Sesser,bsesser7u@ibm.com,Female,9/29/2021,29988
284,Flemming,Symons,fsymons7v@cam.ac.uk,Male,1/31/2003,8935
285,Spencer,Filgate,sfilgate7w@studiopress.com,Male,2/25/1999,62502
286,Arvin,Diamant,adiamant7x@icq.com,Male,4/30/2021,85116
287,Sharla,Kennea,skennea7y@wix.com,Female,4/18/2019,66689
288,Meridith,Longega,mlongega7z@samsung.com,Female,10/3/2014,36716
289,Barrett,McHenry,bmchenry80@google.ca,Male,6/6/2003,7680
290,Olivia,Ortas,oortas81@histats.com,Female,1/2/2008,83936
291,Stanislaus,Payler,spayler82@google.de,Male,8/29/2009,89977
292,Wat,Chatten,wchatten83@google.nl,Male,4/15/2000,92916
293,Sherry,Remirez,sremirez84@fda.gov,Female,1/26/2017,82317
294,Kay,Scotter,kscotter85@reddit.com,Female,8/13/1998,59534
295,Tobe,Bente,tbente86@skyrock.com,Male,12/27/1998,77552
296,Renie,Mytton,rmytton87@addthis.com,Female,1/9/2013,86868
297,Mathilde,Boxhall,mboxhall88@noaa.gov,Female,7/30/2003,71594
298,Filbert,Haith,fhaith89@photobucket.com,Bigender,6/14/2013,44558
299,Gisele,Tremathick,gtremathick8a@vk.com,Female,3/13/2010,10172
300,Avril,Follacaro,afollacaro8b@cornell.edu,Female,10/7/2014,91577
301,Dan,Surmeir,dsurmeir8c@ucsd.edu,Male,11/4/2014,6894
302,Roberta,Covotto,rcovotto8d@w3.org,Female,12/22/2008,37490
303,Korey,Gerrey,kgerrey8e@utexas.edu,Male,1/8/2012,20010
304,York,Jollie,yjollie8f@seesaa.net,Male,9/23/2002,24148
305,Ashlen,Baxill,abaxill8g@pinterest.com,Female,12/23/2022,38574
306,Ansley,Ghent,aghent8h@tumblr.com,Female,9/13/2000,9001
307,Gregorius,Summergill,gsummergill8i@godaddy.com,Male,11/2/2017,90753
308,Layney,Tissiman,ltissiman8j@zdnet.com,Female,2/3/2016,63089
309,Madelon,Prandy,mprandy8k@wunderground.com,Female,6/21/2009,53177
310,Padget,Snooks,psnooks8l@weather.com,Non-binary,12/21/2017,72237
311,Pepita,Klaggeman,pklaggeman8m@blinklist.com,Female,10/25/1995,17100
312,Rubin,Myrie,rmyrie8n@reference.com,Bigender,6/28/2023,76954
313,Vanni,Tie,vtie8o@archive.org,Genderqueer,10/13/1991,97652
314,Hulda,Meneely,hmeneely8p@yahoo.com,Female,10/11/2020,44264
315,Elene,Szanto,eszanto8q@amazon.co.jp,Female,9/12/2020,67019
316,Chiquita,Nevill,cnevill8r@typepad.com,Female,5/28/1992,58822
317,Gasper,Pirie,gpirie8s@google.pl,Male,8/10/1995,90153
318,Duncan,Coady,dcoady8t@smugmug.com,Male,10/30/2011,77048
319,Genna,Rentalll,grentalll8u@washington.edu,Female,12/22/2015,93427
320,Natal,Clancey,nclancey8v@dailymail.co.uk,Non-binary,10/16/2008,93756
321,Emlyn,Wainman,ewainman8w@mayoclinic.com,Male,9/10/2007,63600
322,Vickie,Crichmer,vcrichmer8x@bloglovin.com,Female,1/18/2011,74602
323,Fiorenze,Bachelar,fbachelar8y@oracle.com,Female,10/29/2003,19057
324,Ferd,Lanham,flanham8z@cmu.edu,Male,4/24/2016,5384
325,Bartie,Plummer,bplummer90@geocities.jp,Male,12/27/2017,10163
326,Evaleen,Cochran,ecochran91@wix.com,Female,12/29/2023,91936
327,Elmira,Burmingham,eburmingham92@baidu.com,Female,1/21/2024,31531
328,Hastie,Sandwick,hsandwick93@g.co,Male,8/27/2014,26970
329,Aura,Flade,aflade94@state.gov,Female,1/30/2010,81326
330,Kristian,Chappell,kchappell95@xing.com,Non-binary,11/10/1992,65417
331,Loutitia,McCready,lmccready96@google.fr,Female,1/24/2017,11626
332,Beilul,McCaughan,bmccaughan97@booking.com,Female,6/17/1996,72341
333,Morlee,Reedie,mreedie98@engadget.com,Male,2/6/2025,80895
334,Frasco,Ianiello,fianiello99@oaic.gov.au,Polygender,11/11/1998,59366
335,Nicol,Ingolotti,ningolotti9a@kickstarter.com,Male,1/20/1999,10348
336,Giorgio,Poveleye,gpoveleye9b@diigo.com,Non-binary,3/29/1992,64880
337,Georgia,McKimmie,gmckimmie9c@npr.org,Female,10/28/2009,46231
338,Shem,Matt,smatt9d@chronoengine.com,Male,5/28/2013,64690
339,Rudie,de Glanville,rdeglanville9e@ca.gov,Male,5/5/2019,82393
340,Abbe,Allitt,aallitt9f@sphinn.com,Female,2/6/2010,36375
341,Dacia,Hallibone,dhallibone9g@wikispaces.com,Female,10/15/2009,64119
342,Jarred,Kelle,jkelle9h@foxnews.com,Polygender,6/5/1991,75611
343,Cherie,Lodden,clodden9i@google.co.uk,Female,10/23/2013,53017
344,Dionne,Hovenden,dhovenden9j@squarespace.com,Agender,1/14/2022,98153
345,Delainey,Tennant,dtennant9k@fc2.com,Male,7/23/1995,35422
346,Noam,Whitmarsh,nwhitmarsh9l@comsenz.com,Genderfluid,7/12/2018,52327
347,Ameline,Kinchley,akinchley9m@timesonline.co.uk,Non-binary,4/8/2015,80963
348,Marie-jeanne,Duckerin,mduckerin9n@prlog.org,Female,11/13/2018,65120
349,Webb,Renowden,wrenowden9o@eventbrite.com,Male,5/13/1991,21672
350,Borg,Thonason,bthonason9p@ihg.com,Male,6/24/2023,87677
351,Zola,Hopfer,zhopfer9q@techcrunch.com,Female,1/24/2014,23092
352,Sarina,Isacsson,sisacsson9r@seattletimes.com,Female,9/5/2006,73520
353,Gunilla,Frays,gfrays9s@ucoz.ru,Female,9/4/2013,44353
354,Miguela,Dudeney,mdudeney9t@salon.com,Female,10/26/2006,83141
355,Gill,Cerie,gcerie9u@123-reg.co.uk,Male,9/14/1992,97689
356,Rob,Lingner,rlingner9v@census.gov,Male,10/9/1991,33583
357,Dale,Marriner,dmarriner9w@freewebs.com,Male,7/11/2013,93501
358,Rufe,Kingsnoad,rkingsnoad9x@latimes.com,Male,3/24/2003,59569
359,Shalna,Wayland,swayland9y@buzzfeed.com,Female,1/27/1991,44617
360,Jean,Achurch,jachurch9z@statcounter.com,Female,3/9/1999,42578
361,Vitia,Kyberd,vkyberda0@phpbb.com,Female,7/13/2013,89107
362,Joan,Dodsley,jdodsleya1@mtv.com,Female,1/22/2017,76440
363,Peyton,Chaudron,pchaudrona2@dagondesign.com,Non-binary,10/11/2024,28483
364,Steffi,Haskey,shaskeya3@simplemachines.org,Female,1/8/2023,79065
365,Arlie,Bergstram,abergstrama4@fastcompany.com,Female,5/29/1992,80867
366,Gabriele,Killick,gkillicka5@ycombinator.com,Male,9/1/2015,76327
367,Dukie,Kaesmans,dkaesmansa6@amazon.de,Male,3/29/2012,20481
368,Danyette,Hatherell,dhatherella7@slashdot.org,Female,11/4/2011,22745
369,Frasquito,Wyer,fwyera8@ft.com,Male,3/8/2001,35949
370,Gena,Saffon,gsaffona9@patch.com,Female,12/15/2008,79560
371,Danielle,Yockley,dyockleyaa@unc.edu,Female,10/20/2003,42822
372,Merill,Maddy,mmaddyab@geocities.jp,Male,3/23/2011,8362
373,Kenny,Sommerling,ksommerlingac@1und1.de,Male,8/4/2010,80832
374,Stace,Addington,saddingtonad@networkadvertising.org,Female,12/24/2012,75059
375,Francisca,Sapp,fsappae@washingtonpost.com,Female,3/14/2001,97904
376,Goldy,Karim,gkarimaf@abc.net.au,Female,7/11/2001,9028
377,Olympe,Wem,owemag@ebay.com,Female,12/26/2019,76057
378,Nerita,Winsper,nwinsperah@ocn.ne.jp,Female,9/28/1995,98175
379,Dorena,Ballintime,dballintimeai@yellowbook.com,Female,2/24/2020,12610
380,Dylan,Ashfield,dashfieldaj@umich.edu,Male,5/23/1995,91527
381,Devan,Fawcus,dfawcusak@upenn.edu,Bigender,9/2/2006,47605
382,Becky,Petruska,bpetruskaal@mozilla.org,Female,6/22/2006,59697
383,Susette,Gemelli,sgemelliam@mysql.com,Female,6/27/2012,86785
384,Rudolph,Rozalski,rrozalskian@webnode.com,Male,5/28/2003,63281
385,Dorice,Stachini,dstachiniao@accuweather.com,Female,7/16/1992,52110
386,Bertina,Gantz,bgantzap@fotki.com,Polygender,4/22/1991,11395
387,Elsbeth,Grimsdale,egrimsdaleaq@facebook.com,Female,4/29/2004,20890
388,Jordan,Matijasevic,jmatijasevicar@fema.gov,Male,2/5/1994,88920
389,Pepe,Lumox,plumoxas@twitter.com,Male,11/11/2007,93710
390,Rhodie,Gillson,rgillsonat@twitpic.com,Female,7/17/1994,48855
391,Branden,Duffield,bduffieldau@sina.com.cn,Male,8/9/1992,75447
392,Giacobo,Mallows,gmallowsav@intel.com,Male,8/14/2011,81236
393,Amble,Decroix,adecroixaw@wufoo.com,Genderqueer,11/22/2017,41743
394,Sibylla,Jirick,sjirickax@indiegogo.com,Female,8/24/2013,29276
395,Abbott,Rue,arueay@squidoo.com,Male,8/25/2023,52322
396,Benetta,Durie,bdurieaz@dyndns.org,Female,3/30/1996,4758
397,Ritchie,Nodin,rnodinb0@hexun.com,Male,3/24/2021,53925
398,Royal,McKinty,rmckintyb1@google.co.jp,Non-binary,2/26/1995,46519
399,Elnore,Heggadon,eheggadonb2@google.cn,Non-binary,5/22/2009,48544
400,Giustino,McPike,gmcpikeb3@cisco.com,Male,8/28/2024,28026
401,Mathian,Stanyer,mstanyerb4@networkadvertising.org,Male,9/1/2021,87103
402,Wyatt,Worham,wworhamb5@theguardian.com,Male,3/28/1991,39833
403,Coretta,Mates,cmatesb6@jigsy.com,Genderfluid,5/14/2016,81571
404,Cristy,Kitchingham,ckitchinghamb7@xrea.com,Female,8/7/1992,77727
405,Boonie,Cosely,bcoselyb8@economist.com,Male,11/20/2009,59634
406,Elnora,Slaight,eslaightb9@ning.com,Female,3/31/2004,87482
407,Mart,Gildersleaves,mgildersleavesba@canalblog.com,Male,5/31/2015,28437
408,Andria,Scourgie,ascourgiebb@simplemachines.org,Female,3/10/2024,16108
409,Evania,Winston,ewinstonbc@si.edu,Female,11/26/2015,24609
410,Jeanna,Petracci,jpetraccibd@cafepress.com,Female,12/29/2012,52402
411,Kettie,Hubbock,khubbockbe@vimeo.com,Female,12/15/2024,97413
412,Lannie,Lukasen,llukasenbf@nih.gov,Male,7/29/2005,46266
413,Kerstin,Tortoise,ktortoisebg@abc.net.au,Female,6/22/1994,89960
414,Imogen,Ranscombe,iranscombebh@go.com,Female,7/5/1997,52431
415,Sela,Szantho,sszanthobi@google.com.hk,Female,12/5/1993,42288
416,Oswell,Ateggart,oateggartbj@theglobeandmail.com,Male,9/4/2019,97522
417,Kendre,Suggitt,ksuggittbk@ucla.edu,Female,7/10/2014,85303
418,Karole,Brookes,kbrookesbl@sina.com.cn,Female,5/21/2001,7937
419,Harriott,Dunphie,hdunphiebm@dedecms.com,Female,8/21/2016,10072
420,Kingsley,Gostall,kgostallbn@nps.gov,Male,5/14/2020,51906
421,Jan,Thaxter,jthaxterbo@tripod.com,Male,6/12/2020,17513
422,Daveta,Eake,deakebp@dyndns.org,Female,12/28/2003,19984
423,Cherey,Dayborne,cdaybornebq@csmonitor.com,Female,2/11/2021,58400
424,Birch,Rudram,brudrambr@princeton.edu,Male,2/25/2010,89985
425,Horace,Gurr,hgurrbs@berkeley.edu,Male,12/11/2002,93167
426,Shelton,Stubbings,sstubbingsbt@hostgator.com,Male,8/2/2021,76427
427,Miquela,Lefwich,mlefwichbu@a8.net,Female,10/31/1998,16784
428,Leupold,Klugel,lklugelbv@mozilla.com,Agender,2/14/2005,81844
429,Niall,Skentelbury,nskentelburybw@hud.gov,Male,9/15/2004,52903
430,Rufus,Brake,rbrakebx@trellian.com,Male,10/27/2006,60476
431,Stirling,Dell,sdellby@sciencedaily.com,Male,10/8/2015,39652
432,Schuyler,Valentelli,svalentellibz@over-blog.com,Male,2/13/2015,11517
433,Karney,Garfoot,kgarfootc0@unblog.fr,Agender,1/27/1999,63363
434,Leyla,Sanper,lsanperc1@house.gov,Female,2/12/2007,70031
435,Ingemar,Deddum,ideddumc2@mapy.cz,Male,7/10/2003,17518
436,Verene,Dilworth,vdilworthc3@spiegel.de,Female,2/16/2012,32466
437,Joey,Cornelisse,jcornelissec4@goo.ne.jp,Male,10/30/2001,69873
438,Derick,Texton,dtextonc5@amazon.co.uk,Male,12/15/2014,10604
439,Tamqrah,Iannetti,tiannettic6@nydailynews.com,Genderqueer,3/12/2013,35744
440,Wendel,Yosifov,wyosifovc7@vinaora.com,Male,9/16/1991,87072
441,Cesar,Plumtree,cplumtreec8@drupal.org,Male,7/3/1999,29142
442,Saxe,Bransgrove,sbransgrovec9@technorati.com,Male,9/5/2019,66854
443,Johnnie,Pesic,jpesicca@businessweek.com,Male,10/30/1999,48152
444,Lillis,Brecken,lbreckencb@github.com,Female,8/4/1992,22547
445,Silvain,Skipperbottom,sskipperbottomcc@networkadvertising.org,Male,7/7/1996,41258
446,Lorenzo,Gayle,lgaylecd@yolasite.com,Male,12/22/2018,9871
447,Avram,Raikes,araikesce@macromedia.com,Male,1/16/1992,5933
448,Cyrus,Weed,cweedcf@reverbnation.com,Male,4/24/1999,78548
449,Christiane,Dibdale,cdibdalecg@linkedin.com,Female,1/29/2017,56285
450,Nedi,Tatlock,ntatlockch@ebay.com,Female,10/10/2012,60141
451,Luciana,Dashwood,ldashwoodci@cnet.com,Female,2/29/1992,14445
452,Halette,Peron,hperoncj@dyndns.org,Female,1/16/2017,89912
453,Lisetta,Bog,lbogck@sitemeter.com,Female,4/21/1996,35309
454,Stafford,Rouse,srousecl@deviantart.com,Male,12/9/2023,45304
455,Candie,Gatman,cgatmancm@nasa.gov,Female,3/5/2022,91899
456,Malvin,Pirozzi,mpirozzicn@yahoo.co.jp,Male,1/8/2006,98849
457,Akim,Rampage,arampageco@wisc.edu,Male,6/27/2018,35719
458,Martynne,Nolte,mnoltecp@instagram.com,Female,5/25/1996,88348
459,Shellie,Lanphier,slanphiercq@baidu.com,Female,2/9/2009,76581
460,Melodee,Tome,mtomecr@marriott.com,Female,3/11/1997,33563
461,Corbie,Caff,ccaffcs@moonfruit.com,Agender,6/27/2012,7699
462,Viviana,Londer,vlonderct@utexas.edu,Female,11/10/1992,41515
463,Burgess,Rowan,browancu@1688.com,Male,6/14/2010,86093
464,Claudian,MacCague,cmaccaguecv@tumblr.com,Male,4/24/2015,71788
465,Selinda,Kasbye,skasbyecw@g.co,Female,9/8/2009,20945
466,Marwin,Aucott,maucottcx@pinterest.com,Male,1/8/2006,71282
467,Jeniffer,Boffey,jboffeycy@imdb.com,Female,12/12/2008,20290
468,Freeland,Bussey,fbusseycz@bloomberg.com,Male,8/27/2004,54016
469,Ardis,Vankeev,avankeevd0@pbs.org,Female,1/3/2002,71420
470,Constantine,Siburn,csiburnd1@reverbnation.com,Male,5/13/2016,56532
471,Malina,Pablo,mpablod2@cbslocal.com,Female,9/23/2009,20769
472,Patsy,Ernshaw,pernshawd3@artisteer.com,Male,7/24/1991,91247
473,Horten,Lyford,hlyfordd4@umich.edu,Male,10/22/2003,55064
474,Ramona,Balint,rbalintd5@geocities.com,Female,11/22/2005,83460
475,Lucho,Thaller,lthallerd6@jugem.jp,Male,1/26/1995,99712
476,Celina,Michele,cmicheled7@addtoany.com,Female,9/15/2008,88086
477,Gerianne,Milson,gmilsond8@live.com,Female,8/31/2007,68346
478,Eleanora,Greensides,egreensidesd9@infoseek.co.jp,Female,4/12/2015,36824
479,Bren,Curner,bcurnerda@shutterfly.com,Male,11/9/1992,23983
480,Desiree,Rigg,driggdb@shareasale.com,Non-binary,3/31/1995,76991
481,Jan,Nurcombe,jnurcombedc@washington.edu,Female,5/16/2022,9322
482,Archibaldo,Bawden,abawdendd@acquirethisname.com,Male,4/26/2017,63138
483,Halie,Backen,hbackende@patch.com,Female,12/19/2018,27616
484,Rochester,Ravenhill,rravenhilldf@bloomberg.com,Male,9/16/2011,10808
485,Virgina,Treswell,vtreswelldg@sbwire.com,Female,3/30/2017,24524
486,Sioux,Philot,sphilotdh@is.gd,Female,2/4/2004,48342
487,Harrie,Atger,hatgerdi@github.io,Female,4/12/1991,84312
488,Elston,Farnworth,efarnworthdj@netvibes.com,Male,3/14/2005,68786
489,Carlin,Gorton,cgortondk@rediff.com,Female,10/25/1993,42783
490,Bernette,Beaument,bbeaumentdl@wikispaces.com,Female,5/13/2011,70609
491,Carny,Pasby,cpasbydm@biblegateway.com,Male,3/19/1993,59464
492,Homere,Huguenet,hhuguenetdn@yellowpages.com,Male,12/26/2013,7305
493,Bob,Giraudo,bgiraudodo@google.it,Male,5/23/2021,61144
494,Buddy,Deluze,bdeluzedp@istockphoto.com,Male,2/24/2001,80824
495,Jean,McLane,jmclanedq@vimeo.com,Female,4/2/2016,36239
496,Ezechiel,Bousler,ebouslerdr@usatoday.com,Male,1/16/2001,44054
497,Aland,Labram,alabramds@ifeng.com,Agender,12/11/2002,6303
498,Halli,Hemshall,hhemshalldt@com.com,Female,12/4/2001,46890
499,Garrott,Besantie,gbesantiedu@so-net.ne.jp,Male,9/24/2023,62288
500,Hubert,Paddeley,hpaddeleydv@scientificamerican.com,Male,3/29/2015,39908
